"/nature/journal/v543/n7644/full/nature21413.html","/nature/journal/v543/n7644/full/nature21426.html","/nature/journal/v543/n7644/full/nature21371.html","/nature/journal/v543/n7644/full/nature21366.html","/nature/journal/v543/n7644/full/nature21051.html","/nature/journal/v543/n7644/full/nature21383.html","/nature/journal/v543/n7644/full/nature21391.html","/nature/journal/v543/n7644/full/nature21428.html","/nature/journal/v543/n7644/full/nature21379.html","/nature/journal/v543/n7644/full/nature21387.html","/nature/journal/v543/n7644/full/nature21382.html","/nature/journal/v543/n7644/full/nature21687.html","/nature/journal/v543/n7644/full/nature21688.html"
"/nature/journal/v532/n7597/full/nature17196.html","/nature/journal/v532/n7597/full/nature17424.html","/nature/journal/v532/n7597/full/nature17404.html","/nature/journal/v532/n7597/full/nature17175.html","/nature/journal/v532/n7597/full/nature17189.html","/nature/journal/v532/n7597/full/nature17153.html","/nature/journal/v532/n7597/full/nature17418.html","/nature/journal/v532/n7597/full/nature17443.html","/nature/journal/v532/n7597/full/nature17156.html","/nature/journal/v532/n7597/full/nature17408.html","/nature/journal/v532/n7597/full/nature17399.html","/nature/journal/v532/n7597/full/nature17406.html","/nature/journal/v532/n7597/full/nature17178.html","/nature/journal/v532/n7597/full/nature16979.html","/nature/journal/v532/n7597/full/nature17402.html"
"/nature/journal/v532/n7598/full/nature17169.html","/nature/journal/v532/n7598/full/nature17620.html","/nature/journal/v532/n7598/full/nature17167.html","/nature/journal/v532/n7598/full/nature17438.html","/nature/journal/v532/n7598/full/nature17449.html","/nature/journal/v532/n7598/full/nature17159.html","/nature/journal/v532/n7598/full/nature17176.html","/nature/journal/v532/n7598/full/nature17158.html","/nature/journal/v532/n7598/full/nature17630.html","/nature/journal/v532/n7598/full/nature17403.html","/nature/journal/v532/n7598/full/nature17392.html","/nature/journal/v532/n7598/full/nature17393.html","/nature/journal/v532/n7598/full/nature17437.html","/nature/journal/v532/n7598/full/nature17661.html"
"/nature/journal/v532/n7599/full/nature17197.html","/nature/journal/v532/n7599/full/nature17411.html","/nature/journal/v532/n7599/full/nature17430.html","/nature/journal/v532/n7599/full/nature17191.html","/nature/journal/v532/n7599/full/nature17441.html","/nature/journal/v532/n7599/full/nature17190.html","/nature/journal/v532/n7599/full/nature17179.html","/nature/journal/v532/n7599/full/nature17192.html","/nature/journal/v532/n7599/full/nature17407.html","/nature/journal/v532/n7599/full/nature17638.html","/nature/journal/v532/n7599/full/nature17436.html","/nature/journal/v532/n7599/full/nature17442.html","/nature/journal/v532/n7599/full/nature17631.html","/nature/journal/v532/n7599/full/nature17433.html"
"/nature/journal/v532/n7600/full/nature17627.html","/nature/journal/v532/n7600/full/nature17409.html","/nature/journal/v532/n7600/full/nature17634.html","/nature/journal/v532/n7600/full/nature17429.html","/nature/journal/v532/n7600/full/nature17195.html","/nature/journal/v532/n7600/full/nature17401.html","/nature/journal/v532/n7600/full/nature16992.html","/nature/journal/v532/n7600/full/nature17647.html","/nature/journal/v532/n7600/full/nature17652.html","/nature/journal/v532/n7600/full/nature17665.html","/nature/journal/v532/n7600/full/nature17655.html","/nature/journal/v532/n7600/full/nature17945.html","/nature/journal/v532/n7600/full/nature17944.html","/nature/journal/v532/n7600/full/nature17391.html"
"/nature/journal/v533/n7601/full/nature17417.html","/nature/journal/v533/n7601/full/nature17628.html","/nature/journal/v533/n7601/full/nature17439.html","/nature/journal/v533/n7601/full/nature17431.html","/nature/journal/v533/n7601/full/nature17434.html","/nature/journal/v533/n7601/full/nature17398.html","/nature/journal/v533/n7601/full/nature17941.html","/nature/journal/v533/n7601/full/nature17939.html","/nature/journal/v533/n7601/full/nature17949.html","/nature/journal/v533/n7601/full/nature17677.html","/nature/journal/v533/n7601/full/nature17947.html","/nature/journal/v533/n7601/full/nature17950.html","/nature/journal/v533/n7601/full/nature17657.html","/nature/journal/v533/n7601/full/nature17664.html"
"/nature/journal/v533/n7602/full/nature17444.html","/nature/journal/v533/n7602/full/nature17448.html","/nature/journal/v533/n7602/full/nature17958.html","/nature/journal/v533/n7602/full/nature17651.html","/nature/journal/v533/n7602/full/nature17678.html","/nature/journal/v533/n7602/full/nature17422.html","/nature/journal/v533/n7602/full/nature17415.html","/nature/journal/v533/n7602/full/nature17435.html","/nature/journal/v533/n7602/full/nature17948.html","/nature/journal/v533/n7602/full/nature17626.html","/nature/journal/v533/n7602/full/nature17973.html","/nature/journal/v533/n7602/full/nature17668.html","/nature/journal/v533/n7602/full/nature17656.html","/nature/journal/v533/n7602/full/nature17414.html"
"/nature/journal/v533/n7603/full/nature17952.html","/nature/journal/v533/n7603/full/nature17633.html","/nature/journal/v533/n7603/full/nature17432.html","/nature/journal/v533/n7603/full/nature17423.html","/nature/journal/v533/n7603/full/nature17447.html","/nature/journal/v533/n7603/full/nature17654.html","/nature/journal/v533/n7603/full/nature17937.html","/nature/journal/v533/n7603/full/nature17995.html","/nature/journal/v533/n7603/full/nature17639.html","/nature/journal/v533/n7603/full/nature17972.html","/nature/journal/v533/n7603/full/nature17662.html","/nature/journal/v533/n7603/full/nature17989.html","/nature/journal/v533/n7603/full/nature17946.html","/nature/journal/v533/n7603/full/nature17994.html"
"/nature/journal/v533/n7604/full/nature18006.html","/nature/journal/v533/n7604/full/nature17445.html","/nature/journal/v533/n7604/full/nature17635.html","/nature/journal/v533/n7604/full/nature17440.html","/nature/journal/v533/n7604/full/nature17953.html","/nature/journal/v533/n7604/full/nature18271.html","/nature/journal/v533/n7604/full/nature17986.html","/nature/journal/v533/n7604/full/nature18005.html","/nature/journal/v533/n7604/full/nature17671.html","/nature/journal/v533/n7604/full/nature17645.html","/nature/journal/v533/n7604/full/nature17954.html","/nature/journal/v533/n7604/full/nature17979.html","/nature/journal/v533/n7604/full/nature17636.html","/nature/journal/v533/n7604/full/nature17666.html"
"/nature/journal/v534/n7605/full/nature17446.html","/nature/journal/v534/n7605/full/nature18016.html","/nature/journal/v534/n7605/full/nature18289.html","/nature/journal/v534/n7605/full/nature17650.html","/nature/journal/v534/n7605/full/nature17646.html","/nature/journal/v534/n7605/full/nature17957.html","/nature/journal/v534/n7605/full/nature18009.html","/nature/journal/v534/n7605/full/nature17951.html","/nature/journal/v534/n7605/full/nature17961.html","/nature/journal/v534/n7605/full/nature18291.html","/nature/journal/v534/n7605/full/nature17955.html","/nature/journal/v534/n7605/full/nature17959.html","/nature/journal/v534/n7605/full/nature17674.html","/nature/journal/v534/n7605/full/nature17960.html","/nature/journal/v534/n7605/full/nature17942.html"
"/nature/journal/v534/n7606/full/nature17969.html","/nature/journal/v534/n7606/full/nature17658.html","/nature/journal/v534/n7606/full/nature17981.html","/nature/journal/v534/n7606/full/nature17653.html","/nature/journal/v534/n7606/full/nature18013.html","/nature/journal/v534/n7606/full/nature18018.html","/nature/journal/v534/n7606/full/nature17999.html","/nature/journal/v534/n7606/full/nature17663.html","/nature/journal/v534/n7606/full/nature18297.html","/nature/journal/v534/n7606/full/nature18301.html","/nature/journal/v534/n7606/full/nature17940.html","/nature/journal/v534/n7606/full/nature18296.html","/nature/journal/v534/n7606/full/nature17963.html","/nature/journal/v534/n7606/full/nature17675.html","/nature/journal/v534/n7606/full/nature18001.html"
"/nature/journal/v534/n7607/full/nature17670.html","/nature/journal/v534/n7607/full/nature18272.html","/nature/journal/v534/n7607/full/nature18286.html","/nature/journal/v534/n7607/full/nature17956.html","/nature/journal/v534/n7607/full/nature17667.html","/nature/journal/v534/n7607/full/nature17632.html","/nature/journal/v534/n7607/full/nature17965.html","/nature/journal/v534/n7607/full/nature18303.html","/nature/journal/v534/n7607/full/nature18004.html","/nature/journal/v534/n7607/full/nature18323.html","/nature/journal/v534/n7607/full/nature18300.html","/nature/journal/v534/n7607/full/nature18294.html","/nature/journal/v534/n7607/full/nature17988.html","/nature/journal/v534/n7607/full/nature17962.html","/nature/journal/v534/n7607/full/nature17991.html"
"/nature/journal/v534/n7608/full/nature18322.html","/nature/journal/v534/n7608/full/nature18318.html","/nature/journal/v534/n7608/full/nature17660.html","/nature/journal/v534/n7608/full/nature17659.html","/nature/journal/v534/n7608/full/nature17980.html","/nature/journal/v534/n7608/full/nature17968.html","/nature/journal/v534/n7608/full/nature18283.html","/nature/journal/v534/n7608/full/nature18017.html","/nature/journal/v534/n7608/full/nature18598.html","/nature/journal/v534/n7608/full/nature18014.html","/nature/journal/v534/n7608/full/nature17978.html","/nature/journal/v534/n7608/full/nature18595.html","/nature/journal/v534/n7608/full/nature18596.html","/nature/journal/v534/n7608/full/nature18002.html","/nature/journal/v534/n7608/full/nature18298.html"
"/nature/journal/v534/n7609/full/nature18293.html","/nature/journal/v534/n7609/full/nature18305.html","/nature/journal/v534/n7609/full/nature18274.html","/nature/journal/v534/n7609/full/nature17943.html","/nature/journal/v534/n7609/full/nature18275.html","/nature/journal/v534/n7609/full/nature17966.html","/nature/journal/v534/n7609/full/nature18315.html","/nature/journal/v534/n7609/full/nature18601.html","/nature/journal/v534/n7609/full/nature18313.html","/nature/journal/v534/n7609/full/nature18597.html","/nature/journal/v534/n7609/full/nature18310.html","/nature/journal/v534/n7609/full/nature18599.html","/nature/journal/v534/n7609/full/nature18302.html","/nature/journal/v534/n7609/full/nature18312.html","/nature/journal/v534/n7609/full/nature18308.html","/nature/journal/v534/n7609/full/nature18295.html"
"/nature/journal/v535/n7610/full/nature18627.html","/nature/journal/v535/n7610/full/nature18314.html","/nature/journal/v535/n7610/full/nature17974.html","/nature/journal/v535/n7610/full/nature18284.html","/nature/journal/v535/n7610/full/nature18010.html","/nature/journal/v535/n7610/full/nature17992.html","/nature/journal/v535/n7610/full/nature18326.html","/nature/journal/v535/n7610/full/nature18621.html","/nature/journal/v535/n7610/full/nature18629.html","/nature/journal/v535/n7610/full/nature18631.html","/nature/journal/v535/n7610/full/nature18625.html","/nature/journal/v535/n7610/full/nature18615.html","/nature/journal/v535/n7610/full/nature18317.html","/nature/journal/v535/n7610/full/nature18316.html","/nature/journal/v535/n7610/full/nature18324.html"
"/nature/journal/v535/n7611/full/nature18612.html","/nature/journal/v535/n7611/full/nature18327.html","/nature/journal/v535/n7611/full/nature18276.html","/nature/journal/v535/n7611/full/nature18304.html","/nature/journal/v535/n7611/full/nature18277.html","/nature/journal/v535/n7611/full/nature18616.html","/nature/journal/v535/n7611/full/nature18617.html","/nature/journal/v535/n7611/full/nature18633.html","/nature/journal/v535/n7611/full/nature18614.html","/nature/journal/v535/n7611/full/nature18320.html","/nature/journal/v535/n7611/full/nature18628.html","/nature/journal/v535/n7611/full/nature18610.html"

























































































"/nature/journal/v467/n7314/full/nature09419.html","/nature/journal/v467/n7314/full/nature09346.html","/nature/journal/v467/n7314/full/nature09394.html","/nature/journal/v467/n7314/full/nature09369.html","/nature/journal/v467/n7314/full/nature09348.html","/nature/journal/v467/n7314/full/nature09389.html","/nature/journal/v467/n7314/full/nature09386.html","/nature/journal/v467/n7314/full/nature09357.html","/nature/journal/v467/n7314/full/nature09371.html","/nature/journal/v467/n7314/full/nature09373.html","/nature/journal/v467/n7314/full/nature09377.html","/nature/journal/v467/n7314/full/nature09395.html"
"/nature/journal/v467/n7315/full/nature09393.html","/nature/journal/v467/n7315/full/nature09418.html","/nature/journal/v467/n7315/full/nature09416.html","/nature/journal/v467/n7315/full/nature09398.html","/nature/journal/v467/n7315/full/nature09402.html","/nature/journal/v467/n7315/full/nature09352.html","/nature/journal/v467/n7315/full/nature09385.html","/nature/journal/v467/n7315/full/nature09454.html","/nature/journal/v467/n7315/full/nature09285.html","/nature/journal/v467/n7315/full/nature09438.html","/nature/journal/v467/n7315/full/nature09338.html","/nature/journal/v467/n7315/full/nature09411.html","/nature/journal/v467/n7315/full/nature09376.html"
"/nature/journal/v467/n7316/full/nature09452.html","/nature/journal/v467/n7316/full/nature09392.html","/nature/journal/v467/n7316/full/nature09404.html","/nature/journal/v467/n7316/full/nature09426.html","/nature/journal/v467/n7316/full/nature09417.html","/nature/journal/v467/n7316/full/nature09407.html","/nature/journal/v467/n7316/full/nature09414.html","/nature/journal/v467/n7316/full/nature09397.html","/nature/journal/v467/n7316/full/nature09445.html","/nature/journal/v467/n7316/full/nature09390.html","/nature/journal/v467/n7316/full/nature09372.html","/nature/journal/v467/n7316/full/nature09391.html","/nature/journal/v467/n7316/full/nature09406.html"
"/nature/journal/v467/n7317/full/nature09451.html","/nature/journal/v467/n7317/full/nature09453.html","/nature/journal/v467/n7317/full/nature09456.html","/nature/journal/v467/n7317/full/nature09443.html","/nature/journal/v467/n7317/full/nature09455.html","/nature/journal/v467/n7317/full/nature09401.html","/nature/journal/v467/n7317/full/nature09410.html","/nature/journal/v467/n7317/full/nature09429.html","/nature/journal/v467/n7317/full/nature09448.html","/nature/journal/v467/n7317/full/nature09409.html","/nature/journal/v467/n7317/full/nature09446.html","/nature/journal/v467/n7317/full/nature09420.html","/nature/journal/v467/n7317/full/nature09413.html","/nature/journal/v467/n7317/full/nature09444.html"
"/nature/journal/v467/n7318//full/nature09462.html","/nature/journal/v467/n7318//full/nature09467.html","/nature/journal/v467/n7318//full/nature09427.html","/nature/journal/v467/n7318//full/nature09396.html","/nature/journal/v467/n7318//full/nature09441.html","/nature/journal/v467/n7318//full/nature09439.html","/nature/journal/v467/n7318//full/nature09491.html","/nature/journal/v467/n7318//full/nature09447.html","/nature/journal/v467/n7318//full/nature09421.html","/nature/journal/v467/n7318//full/nature09457.html","/nature/journal/v467/n7318//full/nature09469.html","/nature/journal/v467/n7318//full/nature09459.html","/nature/journal/v467/n7318//full/nature09408.html"
"/nature/journal/v467/n7319/full/nature09466.html","/nature/journal/v467/n7319/full/nature09519.html","/nature/journal/v467/n7319/full/nature09485.html","/nature/journal/v467/n7319/full/nature09507.html","/nature/journal/v467/n7319/full/nature09425.html","/nature/journal/v467/n7319/full/nature09525.html","/nature/journal/v467/n7319/full/nature09510.html","/nature/journal/v467/n7319/full/nature09460.html","/nature/journal/v467/n7319/full/nature09515.html","/nature/journal/v467/n7319/full/nature09468.html","/nature/journal/v467/n7319/full/nature09473.html","/nature/journal/v467/n7319/full/nature09465.html"
"/nature/journal/v468/n7320/full/nature09463.html","/nature/journal/v468/n7320/full/nature09521.html","/nature/journal/v468/n7320/full/nature09508.html","/nature/journal/v468/n7320/full/nature09449.html","/nature/journal/v468/n7320/full/nature09494.html","/nature/journal/v468/n7320/full/nature09387.html","/nature/journal/v468/n7320/full/nature09495.html","/nature/journal/v468/n7320/full/nature09505.html","/nature/journal/v468/n7320/full/nature09470.html","/nature/journal/v468/n7320/full/nature09464.html"
"/nature/journal/v468/n7322//full/nature09568.html","/nature/journal/v468/n7322//full/nature09478.html","/nature/journal/v468/n7322//full/nature09540.html","/nature/journal/v468/n7322//full/nature09558.html","/nature/journal/v468/n7322//full/nature09528.html","/nature/journal/v468/n7322//full/nature09512.html","/nature/journal/v468/n7322//full/nature09490.html","/nature/journal/v468/n7322//full/nature09544.html","/nature/journal/v468/n7322//full/nature09518.html","/nature/journal/v468/n7322//full/nature09489.html","/nature/journal/v468/n7322//full/nature09496.html","/nature/journal/v468/n7322//full/nature09524.html"
"/nature/journal/v468/n7321/full/nature09477.html","/nature/journal/v468/n7321/full/nature09541.html","/nature/journal/v468/n7321/full/nature09538.html","/nature/journal/v468/n7321/full/nature09520.html","/nature/journal/v468/n7321/full/nature09545.html","/nature/journal/v468/n7321/full/nature09511.html","/nature/journal/v468/n7321/full/nature09493.html","/nature/journal/v468/n7321/full/nature09531.html","/nature/journal/v468/n7321/full/nature09529.html","/nature/journal/v468/n7321/full/nature09517.html","/nature/journal/v468/n7321/full/nature09497.html"
"/nature/journal/v468/n7323/full/nature09577.html","/nature/journal/v468/n7323/full/nature09598.html","/nature/journal/v468/n7323/full/nature09567.html","/nature/journal/v468/n7323/full/nature09579.html","/nature/journal/v468/n7323/full/nature09492.html","/nature/journal/v468/n7323/full/nature09522.html","/nature/journal/v468/n7323/full/nature09513.html","/nature/journal/v468/n7323/full/nature09526.html","/nature/journal/v468/n7323/full/nature09535.html","/nature/journal/v468/n7323/full/nature09594.html","/nature/journal/v468/n7323/full/nature09621.html","/nature/journal/v468/n7323/full/nature09471.html"
"/nature/journal/v468/n7324/full/nature09596.html","/nature/journal/v468/n7324/full/nature09610.html","/nature/journal/v468/n7324/full/nature09597.html","/nature/journal/v468/n7324/full/nature09617.html","/nature/journal/v468/n7324/full/nature09554.html","/nature/journal/v468/n7324/full/nature09537.html","/nature/journal/v468/n7324/full/nature09536.html","/nature/journal/v468/n7324/full/nature09595.html","/nature/journal/v468/n7324/full/nature09546.html","/nature/journal/v468/n7324/full/nature09555.html","/nature/journal/v468/n7324/full/nature09547.html","/nature/journal/v468/n7324/full/nature09488.html"
"/nature/journal/v468/n7325/full/nature09601.html","/nature/journal/v468/n7325/full/nature09539.html","/nature/journal/v468/n7325/full/nature09618.html","/nature/journal/v468/n7325/full/nature09636.html","/nature/journal/v468/n7325/full/nature09634.html","/nature/journal/v468/n7325/full/nature09632.html","/nature/journal/v468/n7325/full/nature09551.html","/nature/journal/v468/n7325/full/nature09557.html","/nature/journal/v468/n7325/full/nature09624.html","/nature/journal/v468/n7325/full/nature09583.html","/nature/journal/v468/n7325/full/nature09586.html","/nature/journal/v468/n7325/full/nature09556.html"
"/nature/journal/v468/n7326/full/nature09578.html","/nature/journal/v468/n7326/full/nature09661.html","/nature/journal/v468/n7326/full/nature09620.html","/nature/journal/v468/n7326/full/nature09643.html","/nature/journal/v468/n7326/full/nature09653.html","/nature/journal/v468/n7326/full/nature09560.html","/nature/journal/v468/n7326/full/nature09570.html","/nature/journal/v468/n7326/full/nature09627.html","/nature/journal/v468/n7326/full/nature09626.html","/nature/journal/v468/n7326/full/nature09573.html","/nature/journal/v468/n7326/full/nature09561.html","/nature/journal/v468/n7326/full/nature09580.html"
"/nature/journal/v468/n7327/full/nature09684.html","/nature/journal/v468/n7327/full/nature09682.html","/nature/journal/v468/n7327/full/nature09664.html","/nature/journal/v468/n7327/full/nature09685.html","/nature/journal/v468/n7327/full/nature09587.html","/nature/journal/v468/n7327/full/nature09584.html","/nature/journal/v468/n7327/full/nature09590.html","/nature/journal/v468/n7327/full/nature09566.html","/nature/journal/v468/n7327/full/nature09599.html","/nature/journal/v468/n7327/full/nature09589.html","/nature/journal/v468/n7327/full/nature09574.html","/nature/journal/v468/n7327/full/nature09581.html"
"/nature/journal/v469/n7328/full/nature09602.html","/nature/journal/v469/n7328/full/nature09644.html","/nature/journal/v469/n7328/full/nature09683.html","/nature/journal/v469/n7328/full/nature09693.html","/nature/journal/v469/n7328/full/nature09700.html","/nature/journal/v469/n7328/full/nature09660.html","/nature/journal/v469/n7328/full/nature09592.html","/nature/journal/v469/n7328/full/nature09649.html","/nature/journal/v469/n7328/full/nature09616.html","/nature/journal/v469/n7328/full/nature09603.html","/nature/journal/v469/n7328/full/nature09593.html","/nature/journal/v469/n7328/full/nature09608.html","/nature/journal/v469/n7328/full/nature09628.html"
"/nature/journal/v469/n7329//full/nature09619.html","/nature/journal/v469/n7329//full/nature09680.html","/nature/journal/v469/n7329//full/nature09720.html","/nature/journal/v469/n7329//full/nature09686.html","/nature/journal/v469/n7329//full/nature09690.html","/nature/journal/v469/n7329//full/nature09630.html","/nature/journal/v469/n7329//full/nature09679.html","/nature/journal/v469/n7329//full/nature09565.html","/nature/journal/v469/n7329//full/nature09609.html","/nature/journal/v469/n7329//full/nature09663.html","/nature/journal/v469/n7329//full/nature09642.html","/nature/journal/v469/n7329//full/nature09607.html","/nature/journal/v469/n7329//full/nature09665.html","/nature/journal/v469/n7329//full/nature09746.html","/nature/journal/v469/n7329//full/nature09585.html","/nature/journal/v469/n7329//full/nature09604.html"
"/nature/journal/v469/n7330/full/nature09694.html","/nature/journal/v469/n7330/full/nature09695.html","/nature/journal/v469/n7330/full/nature09713.html","/nature/journal/v469/n7330/full/nature09698.html","/nature/journal/v469/n7330/full/nature09718.html","/nature/journal/v469/n7330/full/nature09668.html","/nature/journal/v469/n7330/full/nature09633.html","/nature/journal/v469/n7330/full/nature09600.html","/nature/journal/v469/n7330/full/nature09711.html","/nature/journal/v469/n7330/full/nature09641.html","/nature/journal/v469/n7330/full/nature09637.html","/nature/journal/v469/n7330/full/nature09674.html","/nature/journal/v469/n7330/full/nature09640.html","/nature/journal/v469/n7330/full/nature09647.html"
"/nature/journal/v469/n7331/full/nature09717.html","/nature/journal/v469/n7331/full/nature09662.html","/nature/journal/v469/n7331/full/nature09719.html","/nature/journal/v469/n7331/full/nature09697.html","/nature/journal/v469/n7331/full/nature09740.html","/nature/journal/v469/n7331/full/nature09631.html","/nature/journal/v469/n7331/full/nature09687.html","/nature/journal/v469/n7331/full/nature09651.html","/nature/journal/v469/n7331/full/nature09639.html","/nature/journal/v469/n7331/full/nature09646.html","/nature/journal/v469/n7331/full/nature09666.html","/nature/journal/v469/n7331/full/nature09654.html","/nature/journal/v469/n7331/full/nature09688.html","/nature/journal/v469/n7331/full/nature09638.html"
"/nature/journal/v470/n7332/full/nature09724.html","/nature/journal/v470/n7332/full/nature09696.html","/nature/journal/v470/n7332/full/nature09750.html","/nature/journal/v470/n7332/full/nature09748.html","/nature/journal/v470/n7332/full/nature09739.html","/nature/journal/v470/n7332/full/nature09735.html","/nature/journal/v470/n7332/full/nature09655.html","/nature/journal/v470/n7332/full/nature09669.html","/nature/journal/v470/n7332/full/nature09656.html","/nature/journal/v470/n7332/full/nature09691.html","/nature/journal/v470/n7332/full/nature09766.html","/nature/journal/v470/n7332/full/nature09671.html","/nature/journal/v470/n7332/full/nature09745.html","/nature/journal/v470/n7332/full/nature09658.html"
"/nature/journal/v470/n7333//full/nature09681.html","/nature/journal/v470/n7333//full/nature09722.html","/nature/journal/v470/n7333//full/nature09749.html","/nature/journal/v470/n7333//full/nature09723.html","/nature/journal/v470/n7333//full/nature09751.html","/nature/journal/v470/n7333//full/nature09676.html","/nature/journal/v470/n7333//full/nature09675.html","/nature/journal/v470/n7333//full/nature09753.html","/nature/journal/v470/n7333//full/nature09677.html","/nature/journal/v470/n7333//full/nature09625.html","/nature/journal/v470/n7333//full/nature09692.html","/nature/journal/v470/n7333//full/nature09701.html"
"/nature/journal/v470/n7334//full/nature09761.html","/nature/journal/v470/n7334//full/nature09776.html","/nature/journal/v470/n7334//full/nature09741.html","/nature/journal/v470/n7334//full/nature09763.html","/nature/journal/v470/n7334//full/nature09762.html","/nature/journal/v470/n7334//full/nature09689.html","/nature/journal/v470/n7334//full/nature09810.html","/nature/journal/v470/n7334//full/nature09729.html","/nature/journal/v470/n7334//full/nature09728.html","/nature/journal/v470/n7334//full/nature09706.html","/nature/journal/v470/n7334//full/nature09673.html","/nature/journal/v470/n7334//full/nature09703.html","/nature/journal/v470/n7334//full/nature09672.html"
"/nature/journal/v470/n7335/full/nature09771.html","/nature/journal/v470/n7335/full/nature09752.html","/nature/journal/v470/n7335/full/nature09839.html","/nature/journal/v470/n7335/full/nature09828.html","/nature/journal/v470/n7335/full/nature09704.html","/nature/journal/v470/n7335/full/nature09705.html","/nature/journal/v470/n7335/full/nature09742.html","/nature/journal/v470/n7335/full/nature09768.html","/nature/journal/v470/n7335/full/nature09737.html","/nature/journal/v470/n7335/full/nature09707.html","/nature/journal/v470/n7335/full/nature09758.html","/nature/journal/v470/n7335/full/nature09743.html"
"/nature/journal/v471/n7336/full/nature09786.html","/nature/journal/v471/n7336/full/nature09887.html","/nature/journal/v471/n7336/full/nature09770.html","/nature/journal/v471/n7336/full/nature09825.html","/nature/journal/v471/n7336/full/nature09864.html","/nature/journal/v471/n7336/full/nature09765.html","/nature/journal/v471/n7336/full/nature09732.html","/nature/journal/v471/n7336/full/nature09779.html","/nature/journal/v471/n7336/full/nature09757.html","/nature/journal/v471/n7336/full/nature09755.html"
"/nature/journal/v471/n7337/full/nature09721.html","/nature/journal/v471/n7337/full/nature09800.html","/nature/journal/v471/n7337/full/nature09898.html","/nature/journal/v471/n7337/full/nature09777.html","/nature/journal/v471/n7337/full/nature09799.html","/nature/journal/v471/n7337/full/nature09774.html","/nature/journal/v471/n7337/full/nature09849.html","/nature/journal/v471/n7337/full/nature09747.html","/nature/journal/v471/n7337/full/nature09855.html","/nature/journal/v471/n7337/full/nature09727.html","/nature/journal/v471/n7337/full/nature09773.html","/nature/journal/v471/n7337/full/nature09794.html","/nature/journal/v471/n7337/full/nature09785.html"
"/nature/journal/v471/n7338/full/nature09902.html","/nature/journal/v471/n7338/full/nature09824.html","/nature/journal/v471/n7338/full/nature09826.html","/nature/journal/v471/n7338/full/nature09912.html","/nature/journal/v471/n7338/full/nature09820.html","/nature/journal/v471/n7338/full/nature09852.html","/nature/journal/v471/n7338/full/nature09857.html","/nature/journal/v471/n7338/full/nature09878.html","/nature/journal/v471/n7338/full/nature09754.html","/nature/journal/v471/n7338/full/nature09769.html","/nature/journal/v471/n7338/full/nature09767.html","/nature/journal/v471/n7338/full/nature09791.html"
"/nature/journal/v471/n7339/full/nature09778.html","/nature/journal/v471/n7339/full/nature09829.html","/nature/journal/v471/n7339/full/nature09838.html","/nature/journal/v471/n7339/full/nature09884.html","/nature/journal/v471/n7339/full/nature09850.html","/nature/journal/v471/n7339/full/nature09867.html","/nature/journal/v471/n7339/full/nature09806.html","/nature/journal/v471/n7339/full/nature09882.html","/nature/journal/v471/n7339/full/nature09870.html","/nature/journal/v471/n7339/full/nature09990.html","/nature/journal/v471/n7339/full/nature09772.html"
"/nature/journal/v471/n7340/full/nature09935.html","/nature/journal/v471/n7340/full/nature09910.html","/nature/journal/v471/n7340/full/nature09866.html","/nature/journal/v471/n7340/full/nature09924.html","/nature/journal/v471/n7340/full/nature09811.html","/nature/journal/v471/n7340/full/nature09863.html","/nature/journal/v471/n7340/full/nature09815.html","/nature/journal/v471/n7340/full/nature09814.html","/nature/journal/v471/n7340/full/nature09790.html","/nature/journal/v471/n7340/full/nature09918.html","/nature/journal/v471/n7340/full/nature09789.html","/nature/journal/v471/n7340/full/nature09795.html"
"/nature/journal/v472/n7341/full/nature09933.html","/nature/journal/v472/n7341/full/nature09979.html","/nature/journal/v472/n7341/full/nature09926.html","/nature/journal/v472/n7341/full/nature09927.html","/nature/journal/v472/n7341/full/nature09904.html","/nature/journal/v472/n7341/full/nature09807.html","/nature/journal/v472/n7341/full/nature09822.html","/nature/journal/v472/n7341/full/nature09823.html","/nature/journal/v472/n7341/full/nature09848.html","/nature/journal/v472/n7341/full/nature09851.html","/nature/journal/v472/n7341/full/nature09861.html","/nature/journal/v472/n7341/full/nature09819.html"
"/nature/journal/v472/n7342/full/nature09925.html","/nature/journal/v472/n7342/full/nature09989.html","/nature/journal/v472/n7342/full/nature09901.html","/nature/journal/v472/n7342/full/nature09899.html","/nature/journal/v472/n7342/full/nature09868.html","/nature/journal/v472/n7342/full/nature09945.html","/nature/journal/v472/n7342/full/nature09879.html","/nature/journal/v472/n7342/full/nature09873.html","/nature/journal/v472/n7342/full/nature09932.html","/nature/journal/v472/n7342/full/nature09854.html","/nature/journal/v472/n7342/full/nature09862.html","/nature/journal/v472/n7342/full/nature09885.html"
"/nature/journal/v472/n7343/full/nature09928.html","/nature/journal/v472/n7343/full/nature09963.html","/nature/journal/v472/n7343/full/nature09903.html","/nature/journal/v472/n7343/full/nature09905.html","/nature/journal/v472/n7343/full/nature09972.html","/nature/journal/v472/n7343/full/nature09865.html","/nature/journal/v472/n7343/full/nature09874.html","/nature/journal/v472/n7343/full/nature09976.html","/nature/journal/v472/n7343/full/nature09860.html","/nature/journal/v472/n7343/full/nature09872.html","/nature/journal/v472/n7343/full/nature09869.html"
"/nature/journal/v472/n7344/full/nature10000.html","/nature/journal/v472/n7344/full/nature09998.html","/nature/journal/v472/n7344/full/nature10001.html","/nature/journal/v472/n7344/full/nature09817.html","/nature/journal/v472/n7344/full/nature10071.html","/nature/journal/v472/n7344/full/nature09973.html","/nature/journal/v472/n7344/full/nature09907.html","/nature/journal/v472/n7344/full/nature09978.html","/nature/journal/v472/n7344/full/nature10075.html","/nature/journal/v472/n7344/full/nature09914.html","/nature/journal/v472/n7344/full/nature09929.html"
"/nature/journal/v473/n7345/full/nature10010.html","/nature/journal/v473/n7345/full/nature09996.html","/nature/journal/v473/n7345/full/nature09911.html","/nature/journal/v473/n7345/full/nature09988.html","/nature/journal/v473/n7345/full/nature09923.html","/nature/journal/v473/n7345/full/nature09977.html","/nature/journal/v473/n7345/full/nature09880.html","/nature/journal/v473/n7345/full/nature09859.html","/nature/journal/v473/n7345/full/nature09916.html","/nature/journal/v473/n7345/full/nature09881.html","/nature/journal/v473/n7345/full/nature09908.html","/nature/journal/v473/n7345/full/nature09981.html"
"/nature/journal/v473/n7346/full/nature10076.html","/nature/journal/v473/n7346/full/nature09997.html","/nature/journal/v473/n7346/full/nature10012.html","/nature/journal/v473/n7346/full/nature09940.html","/nature/journal/v473/n7346/full/nature10074.html","/nature/journal/v473/n7346/full/nature10078.html","/nature/journal/v473/n7346/full/nature09937.html","/nature/journal/v473/n7346/full/nature10069.html","/nature/journal/v473/n7346/full/nature09915.html","/nature/journal/v473/n7346/full/nature10007.html","/nature/journal/v473/n7346/full/nature09999.html","/nature/journal/v473/n7346/full/nature09917.html","/nature/journal/v473/n7346/full/nature10014.html"
"/nature/journal/v473/n7347/full/nature10092.html","/nature/journal/v473/n7347/full/nature10079.html","/nature/journal/v473/n7347/full/nature10089.html","/nature/journal/v473/n7347/full/nature10068.html","/nature/journal/v473/n7347/full/nature09919.html","/nature/journal/v473/n7347/full/nature09985.html","/nature/journal/v473/n7347/full/nature09938.html","/nature/journal/v473/n7347/full/nature09958.html","/nature/journal/v473/n7347/full/nature10070.html","/nature/journal/v473/n7347/full/nature09883.html","/nature/journal/v473/n7347/full/nature09934.html","/nature/journal/v473/n7347/full/nature10102.html","/nature/journal/v473/n7347/full/nature10008.html"
"/nature/journal/v473/n7348/full/nature10077.html","/nature/journal/v473/n7348/full/nature10104.html","/nature/journal/v473/n7348/full/nature10013.html","/nature/journal/v473/n7348/full/nature09993.html","/nature/journal/v473/n7348/full/nature09943.html","/nature/journal/v473/n7348/full/nature09920.html","/nature/journal/v473/n7348/full/nature09946.html","/nature/journal/v473/n7348/full/nature10004.html","/nature/journal/v473/n7348/full/nature10003.html","/nature/journal/v473/n7348/full/nature09968.html","/nature/journal/v473/n7348/full/nature09970.html","/nature/journal/v473/n7348/full/nature09956.html","/nature/journal/v473/n7348/full/nature09964.html"
"/nature/journal/v474/n7349/full/nature10123.html","/nature/journal/v474/n7349/full/nature10067.html","/nature/journal/v474/n7349/full/nature10096.html","/nature/journal/v474/n7349/full/nature10114.html","/nature/journal/v474/n7349/full/nature10149.html","/nature/journal/v474/n7349/full/nature09974.html","/nature/journal/v474/n7349/full/nature09987.html","/nature/journal/v474/n7349/full/nature10081.html","/nature/journal/v474/n7349/full/nature10083.html","/nature/journal/v474/n7349/full/nature09982.html","/nature/journal/v474/n7349/full/nature09986.html","/nature/journal/v474/n7349/full/nature09966.html","/nature/journal/v474/n7349/full/nature09971.html"
"/nature/journal/v474/n7350/full/nature10091.html","/nature/journal/v474/n7350/full/nature10120.html","/nature/journal/v474/n7350/full/nature10173.html","/nature/journal/v474/n7350/full/nature10150.html","/nature/journal/v474/n7350/full/nature09984.html","/nature/journal/v474/n7350/full/nature10131.html","/nature/journal/v474/n7350/full/nature10168.html","/nature/journal/v474/n7350/full/nature10135.html","/nature/journal/v474/n7350/full/nature10160.html","/nature/journal/v474/n7350/full/nature10107.html","/nature/journal/v474/n7350/full/nature10106.html","/nature/journal/v474/n7350/full/nature10155.html","/nature/journal/v474/n7350/full/nature09980.html"
"/nature/journal/v474/n7351/full/nature10103.html","/nature/journal/v474/n7351/full/nature10115.html","/nature/journal/v474/n7351/full/nature10148.html","/nature/journal/v474/n7351/full/nature10125.html","/nature/journal/v474/n7351/full/nature09995.html","/nature/journal/v474/n7351/full/nature10073.html","/nature/journal/v474/n7351/full/nature10110.html","/nature/journal/v474/n7351/full/nature10072.html","/nature/journal/v474/n7351/full/nature10006.html","/nature/journal/v474/n7351/full/nature10165.html","/nature/journal/v474/n7351/full/nature10084.html","/nature/journal/v474/n7351/full/nature10005.html"
"/nature/journal/v474/n7352/full/nature10090.html","/nature/journal/v474/n7352/full/nature10095.html","/nature/journal/v474/n7352/full/nature10119.html","/nature/journal/v474/n7352/full/nature10164.html","/nature/journal/v474/n7352/full/nature10190.html","/nature/journal/v474/n7352/full/nature09992.html","/nature/journal/v474/n7352/full/nature10111.html","/nature/journal/v474/n7352/full/nature10085.html","/nature/journal/v474/n7352/full/nature10002.html","/nature/journal/v474/n7352/full/nature10136.html","/nature/journal/v474/n7352/full/nature10015.html"
"/nature/journal/v474/n7353/full/nature10159.html","/nature/journal/v474/n7353/full/nature10175.html","/nature/journal/v474/n7353/full/nature10170.html","/nature/journal/v474/n7353/full/nature10204.html","/nature/journal/v474/n7353/full/nature10097.html","/nature/journal/v474/n7353/full/nature10100.html","/nature/journal/v474/n7353/full/nature10188.html","/nature/journal/v474/n7353/full/nature10094.html","/nature/journal/v474/n7353/full/nature10112.html","/nature/journal/v474/n7353/full/nature10117.html","/nature/journal/v474/n7353/full/nature10195.html","/nature/journal/v474/n7353/full/nature10099.html"
"/nature/journal/v475/n7354/full/nature10203.html","/nature/journal/v475/n7354/full/nature10205.html","/nature/journal/v475/n7354/full/nature10196.html","/nature/journal/v475/n7354/full/nature10224.html","/nature/journal/v475/n7354/full/nature10082.html","/nature/journal/v475/n7354/full/nature10130.html","/nature/journal/v475/n7354/full/nature10154.html","/nature/journal/v475/n7354/full/nature10113.html","/nature/journal/v475/n7354/full/nature10189.html","/nature/journal/v475/n7354/full/nature10134.html","/nature/journal/v475/n7354/full/nature10118.html","/nature/journal/v475/n7354/full/nature10126.html"
"/nature/journal/v475/n7355/full/nature10201.html","/nature/journal/v475/n7355/full/nature10225.html","/nature/journal/v475/n7355/full/nature10176.html","/nature/journal/v475/n7355/full/nature10177.html","/nature/journal/v475/n7355/full/nature10138.html","/nature/journal/v475/n7355/full/nature10169.html","/nature/journal/v475/n7355/full/nature10167.html","/nature/journal/v475/n7355/full/nature10216.html","/nature/journal/v475/n7355/full/nature10162.html","/nature/journal/v475/n7355/full/nature10161.html","/nature/journal/v475/n7355/full/nature10180.html"
"/nature/journal/v475/n7356/full/nature10261.html","/nature/journal/v475/n7356/full/nature10313.html","/nature/journal/v475/n7356/full/nature10262.html","/nature/journal/v475/n7356/full/nature10227.html","/nature/journal/v475/n7356/full/nature10194.html","/nature/journal/v475/n7356/full/nature10229.html","/nature/journal/v475/n7356/full/nature10116.html","/nature/journal/v475/n7356/full/nature10263.html","/nature/journal/v475/n7356/full/nature10181.html","/nature/journal/v475/n7356/full/nature10182.html","/nature/journal/v475/n7356/full/nature10215.html","/nature/journal/v475/n7356/full/nature10171.html"
"/nature/journal/v475/n7357/full/nature10235.html","/nature/journal/v475/n7357/full/nature10233.html","/nature/journal/v475/n7357/full/nature10260.html","/nature/journal/v475/n7357/full/nature10283.html","/nature/journal/v475/n7357/full/nature10231.html","/nature/journal/v475/n7357/full/nature10214.html","/nature/journal/v475/n7357/full/nature10193.html","/nature/journal/v475/n7357/full/nature10307.html","/nature/journal/v475/n7357/full/nature10183.html","/nature/journal/v475/n7357/full/nature10228.html","/nature/journal/v475/n7357/full/nature10226.html","/nature/journal/v475/n7357/full/nature10280.html","/nature/journal/v475/n7357/full/nature10218.html"
"/nature/journal/v476/n7358/full/nature10289.html","/nature/journal/v476/n7358/full/nature10308.html","/nature/journal/v476/n7358/full/nature10314.html","/nature/journal/v476/n7358/full/nature10295.html","/nature/journal/v476/n7358/full/nature10240.html","/nature/journal/v476/n7358/full/nature10245.html","/nature/journal/v476/n7358/full/nature10206.html","/nature/journal/v476/n7358/full/nature10237.html","/nature/journal/v476/n7358/full/nature10239.html","/nature/journal/v476/n7358/full/nature10241.html","/nature/journal/v476/n7358/full/nature10257.html"
"/nature/journal/v476/n7359/full/nature10290.html","/nature/journal/v476/n7359/full/nature10319.html","/nature/journal/v476/n7359/full/nature10309.html","/nature/journal/v476/n7359/full/nature10259.html","/nature/journal/v476/n7359/full/nature10352.html","/nature/journal/v476/n7359/full/nature10274.html","/nature/journal/v476/n7359/full/nature10207.html","/nature/journal/v476/n7359/full/nature10243.html","/nature/journal/v476/n7359/full/nature10251.html","/nature/journal/v476/n7359/full/nature10202.html","/nature/journal/v476/n7359/full/nature10284.html","/nature/journal/v476/n7359/full/nature10323.html","/nature/journal/v476/n7359/full/nature10258.html","/nature/journal/v476/n7359/full/nature10248.html"
"/nature/journal/v476/n7360/full/nature10320.html","/nature/journal/v476/n7360/full/nature10344.html","/nature/journal/v476/n7360/full/nature10310.html","/nature/journal/v476/n7360/full/nature10326.html","/nature/journal/v476/n7360/full/nature10249.html","/nature/journal/v476/n7360/full/nature10276.html","/nature/journal/v476/n7360/full/nature10278.html","/nature/journal/v476/n7360/full/nature10272.html","/nature/journal/v476/n7360/full/nature10230.html","/nature/journal/v476/n7360/full/nature10234.html","/nature/journal/v476/n7360/full/nature10350.html","/nature/journal/v476/n7360/full/nature10247.html","/nature/journal/v476/n7360/full/nature10333.html"
"/nature/journal/v476/n7361/full/nature10374.html","/nature/journal/v476/n7361/full/nature10366.html","/nature/journal/v476/n7361/full/nature10343.html","/nature/journal/v476/n7361/full/nature10321.html","/nature/journal/v476/n7361/full/nature10311.html","/nature/journal/v476/n7361/full/nature10291.html","/nature/journal/v476/n7361/full/nature10305.html","/nature/journal/v476/n7361/full/nature10355.html","/nature/journal/v476/n7361/full/nature10356.html","/nature/journal/v476/n7361/full/nature10287.html","/nature/journal/v476/n7361/full/nature10286.html","/nature/journal/v476/n7361/full/nature10312.html","/nature/journal/v476/n7361/full/nature10250.html"
"/nature/journal/v477/n7362/full/nature10377.html","/nature/journal/v477/n7362/full/nature10328.html","/nature/journal/v477/n7362/full/nature10376.html","/nature/journal/v477/n7362/full/nature10415.html","/nature/journal/v477/n7362/full/nature10372.html","/nature/journal/v477/n7362/full/nature10285.html","/nature/journal/v477/n7362/full/nature10357.html","/nature/journal/v477/n7362/full/nature10347.html","/nature/journal/v477/n7362/full/nature10358.html","/nature/journal/v477/n7362/full/nature10335.html","/nature/journal/v477/n7362/full/nature10324.html","/nature/journal/v477/n7362/full/nature10349.html","/nature/journal/v477/n7362/full/nature10331.html"
"/nature/journal/v477/n7363/full/nature10387.html","/nature/journal/v477/n7363/full/nature10359.html","/nature/journal/v477/n7363/full/nature10345.html","/nature/journal/v477/n7363/full/nature10399.html","/nature/journal/v477/n7363/full/nature10282.html","/nature/journal/v477/n7363/full/nature10341.html","/nature/journal/v477/n7363/full/nature10342.html","/nature/journal/v477/n7363/full/nature10353.html","/nature/journal/v477/n7363/full/nature10339.html","/nature/journal/v477/n7363/full/nature10340.html","/nature/journal/v477/n7363/full/nature10363.html","/nature/journal/v477/n7363/full/nature10329.html","/nature/journal/v477/n7363/full/nature10332.html"
"/nature/journal/v477/n7364/full/nature10417.html","/nature/journal/v477/n7364/full/nature10375.html","/nature/journal/v477/n7364/full/nature10367.html","/nature/journal/v477/n7364/full/nature10385.html","/nature/journal/v477/n7364/full/nature10384.html","/nature/journal/v477/n7364/full/nature10378.html","/nature/journal/v477/n7364/full/nature10432.html","/nature/journal/v477/n7364/full/nature10273.html","/nature/journal/v477/n7364/full/nature10400.html","/nature/journal/v477/n7364/full/nature10348.html","/nature/journal/v477/n7364/full/nature10380.html","/nature/journal/v477/n7364/full/nature10368.html","/nature/journal/v477/n7364/full/nature10379.html"
"/nature/journal/v477/n7365/full/nature10364.html","/nature/journal/v477/n7365/full/nature10416.html","/nature/journal/v477/n7365/full/nature10444.html","/nature/journal/v477/n7365/full/nature10447.html","/nature/journal/v477/n7365/full/nature10327.html","/nature/journal/v477/n7365/full/nature10382.html","/nature/journal/v477/n7365/full/nature10388.html","/nature/journal/v477/n7365/full/nature10392.html","/nature/journal/v477/n7365/full/nature10373.html","/nature/journal/v477/n7365/full/nature10403.html","/nature/journal/v477/n7365/full/nature10383.html","/nature/journal/v477/n7365/full/nature10296.html","/nature/journal/v477/n7365/full/nature10402.html","/nature/journal/v477/n7365/full/nature10393.html","/nature/journal/v477/n7365/full/nature10370.html"
"/nature/journal/v477/n7366/full/nature10445.html","/nature/journal/v477/n7366/full/nature10389.html","/nature/journal/v477/n7366/full/nature10401.html","/nature/journal/v477/n7366/full/nature10421.html","/nature/journal/v477/n7366/full/nature10391.html","/nature/journal/v477/n7366/full/nature10390.html","/nature/journal/v477/n7366/full/nature10394.html","/nature/journal/v477/n7366/full/nature10510.html","/nature/journal/v477/n7366/full/nature10407.html","/nature/journal/v477/n7366/full/nature10443.html","/nature/journal/v477/n7366/full/nature10488.html","/nature/journal/v477/n7366/full/nature10404.html"
"/nature/journal/v478/n7367/full/nature10365.html","/nature/journal/v478/n7367/full/nature10498.html","/nature/journal/v478/n7367/full/nature10461.html","/nature/journal/v478/n7367/full/nature10499.html","/nature/journal/v478/n7367/full/nature10406.html","/nature/journal/v478/n7367/full/nature10405.html","/nature/journal/v478/n7367/full/nature10426.html","/nature/journal/v478/n7367/full/nature10490.html","/nature/journal/v478/n7367/full/nature10431.html","/nature/journal/v478/n7367/full/nature10485.html","/nature/journal/v478/n7367/full/nature10456.html","/nature/journal/v478/n7367/full/nature10409.html"
"/nature/journal/v478/n7368/full/nature10446.html","/nature/journal/v478/n7368/full/nature10519.html","/nature/journal/v478/n7368/full/nature10462.html","/nature/journal/v478/n7368/full/nature10500.html","/nature/journal/v478/n7368/full/nature10460.html","/nature/journal/v478/n7368/full/nature10433.html","/nature/journal/v478/n7368/full/nature10428.html","/nature/journal/v478/n7368/full/nature10437.html","/nature/journal/v478/n7368/full/nature10439.html","/nature/journal/v478/n7368/full/nature10434.html","/nature/journal/v478/n7368/full/nature10408.html","/nature/journal/v478/n7368/full/nature10430.html","/nature/journal/v478/n7368/full/nature10427.html","/nature/journal/v478/n7368/full/nature10435.html"
"/nature/journal/v478/n7369/full/nature10512.html","/nature/journal/v478/n7369/full/nature10463.html","/nature/journal/v478/n7369/full/nature10513.html","/nature/journal/v478/n7369/full/nature10511.html","/nature/journal/v478/n7369/full/nature10541.html","/nature/journal/v478/n7369/full/nature10425.html","/nature/journal/v478/n7369/full/nature10487.html","/nature/journal/v478/n7369/full/nature10436.html","/nature/journal/v478/n7369/full/nature10424.html","/nature/journal/v478/n7369/full/nature10454.html","/nature/journal/v478/n7369/full/nature10525.html","/nature/journal/v478/n7369/full/nature10486.html","/nature/journal/v478/n7369/full/nature10450.html","/nature/journal/v478/n7369/full/nature10464.html"
"/nature/journal/v478/n7370/full/nature10520.html","/nature/journal/v478/n7370/full/nature10550.html","/nature/journal/v478/n7370/full/nature10528.html","/nature/journal/v478/n7370/full/nature10535.html","/nature/journal/v478/n7370/full/nature10549.html","/nature/journal/v478/n7370/full/nature10438.html","/nature/journal/v478/n7370/full/nature10429.html","/nature/journal/v478/n7370/full/nature10524.html","/nature/journal/v478/n7370/full/nature10334.html","/nature/journal/v478/n7370/full/nature10509.html","/nature/journal/v478/n7370/full/nature10458.html","/nature/journal/v478/n7370/full/nature10457.html","/nature/journal/v478/n7370/full/nature10503.html"
"/nature/journal/v479/n7371/full/nature10542.html","/nature/journal/v479/n7371/full/nature10562.html","/nature/journal/v479/n7371/full/nature10563.html","/nature/journal/v479/n7371/full/nature10552.html","/nature/journal/v479/n7371/full/nature10591.html","/nature/journal/v479/n7371/full/nature10583.html","/nature/journal/v479/n7371/full/nature10451.html","/nature/journal/v479/n7371/full/nature10514.html","/nature/journal/v479/n7371/full/nature10558.html","/nature/journal/v479/n7371/full/nature10507.html","/nature/journal/v479/n7371/full/nature10453.html","/nature/journal/v479/n7371/full/nature10448.html","/nature/journal/v479/n7371/full/nature10501.html"
"/nature/journal/v479/n7372/full/nature10527.html","/nature/journal/v479/n7372/full/nature10569.html","/nature/journal/v479/n7372/full/nature10587.html","/nature/journal/v479/n7372/full/nature10564.html","/nature/journal/v479/n7372/full/nature10565.html","/nature/journal/v479/n7372/full/nature10601.html","/nature/journal/v479/n7372/full/nature10533.html","/nature/journal/v479/n7372/full/nature10489.html","/nature/journal/v479/n7372/full/nature10600.html","/nature/journal/v479/n7372/full/nature10508.html","/nature/journal/v479/n7372/full/nature10515.html","/nature/journal/v479/n7372/full/nature10522.html","/nature/journal/v479/n7372/full/nature10505.html","/nature/journal/v479/n7372/full/nature10504.html"
"/nature/journal/v479/n7373/full/nature10529.html","/nature/journal/v479/n7373/full/nature10561.html","/nature/journal/v479/n7373/full/nature10593.html","/nature/journal/v479/n7373/full/nature10588.html","/nature/journal/v479/n7373/full/nature10566.html","/nature/journal/v479/n7373/full/nature10516.html","/nature/journal/v479/n7373/full/nature10521.html","/nature/journal/v479/n7373/full/nature10517.html","/nature/journal/v479/n7373/full/nature10559.html","/nature/journal/v479/n7373/full/nature10607.html","/nature/journal/v479/n7373/full/nature10534.html","/nature/journal/v479/n7373/full/nature10536.html","/nature/journal/v479/n7373/full/nature10537.html","/nature/journal/v479/n7373/full/nature10506.html"
"/nature/journal/v479/n7374/full/nature10551.html","/nature/journal/v479/n7374/full/nature10608.html","/nature/journal/v479/n7374/full/nature10586.html","/nature/journal/v479/n7374/full/nature10581.html","/nature/journal/v479/n7374/full/nature10621.html","/nature/journal/v479/n7374/full/nature10548.html","/nature/journal/v479/n7374/full/nature10484.html","/nature/journal/v479/n7374/full/nature10617.html","/nature/journal/v479/n7374/full/nature10553.html","/nature/journal/v479/n7374/full/nature10531.html","/nature/journal/v479/n7374/full/nature10554.html","/nature/journal/v479/n7374/full/nature10540.html","/nature/journal/v479/n7374/full/nature10599.html","/nature/journal/v479/n7374/full/nature10545.html"
"/nature/journal/v480/n7375/full/nature10592.html","/nature/journal/v480/n7375/full/nature10611.html","/nature/journal/v480/n7375/full/nature10627.html","/nature/journal/v480/n7375/full/nature10655.html","/nature/journal/v480/n7375/full/nature10596.html","/nature/journal/v480/n7375/full/nature10609.html","/nature/journal/v480/n7375/full/nature10629.html","/nature/journal/v480/n7375/full/nature10539.html","/nature/journal/v480/n7375/full/nature10630.html","/nature/journal/v480/n7375/full/nature10653.html","/nature/journal/v480/n7375/full/nature10632.html","/nature/journal/v480/n7375/full/nature10546.html","/nature/journal/v480/n7375/full/nature10598.html","/nature/journal/v480/n7375/full/nature10579.html","/nature/journal/v480/n7375/full/nature10560.html"
"/nature/journal/v480/n7376/full/nature10636.html","/nature/journal/v480/n7376/full/nature10654.html","/nature/journal/v480/n7376/full/nature10647.html","/nature/journal/v480/n7376/full/nature10626.html","/nature/journal/v480/n7376/full/nature10589.html","/nature/journal/v480/n7376/full/nature10689.html","/nature/journal/v480/n7376/full/nature10571.html","/nature/journal/v480/n7376/full/nature10555.html","/nature/journal/v480/n7376/full/nature10665.html","/nature/journal/v480/n7376/full/nature10575.html","/nature/journal/v480/n7376/full/nature10547.html","/nature/journal/v480/n7376/full/nature10672.html","/nature/journal/v480/n7376/full/nature10577.html","/nature/journal/v480/n7376/full/nature10557.html"
"/nature/journal/v480/n7377/full/nature10644.html","/nature/journal/v480/n7377/full/nature10646.html","/nature/journal/v480/n7377/full/nature10628.html","/nature/journal/v480/n7377/full/nature10667.html","/nature/journal/v480/n7377/full/nature10651.html","/nature/journal/v480/n7377/full/nature10526.html","/nature/journal/v480/n7377/full/nature10576.html","/nature/journal/v480/n7377/full/nature10594.html","/nature/journal/v480/n7377/full/nature10590.html","/nature/journal/v480/n7377/full/nature10623.html","/nature/journal/v480/n7377/full/nature10595.html","/nature/journal/v480/n7377/full/nature10662.html","/nature/journal/v480/n7377/full/nature10492.html","/nature/journal/v480/n7377/full/nature10618.html"
"/nature/journal/v480/n7378/full/nature10631.html","/nature/journal/v480/n7378/full/nature10668.html","/nature/journal/v480/n7378/full/nature10683.html","/nature/journal/v480/n7378/full/nature10685.html","/nature/journal/v480/n7378/full/nature10570.html","/nature/journal/v480/n7378/full/nature10650.html","/nature/journal/v480/n7378/full/nature10625.html","/nature/journal/v480/n7378/full/nature10643.html","/nature/journal/v480/n7378/full/nature10639.html","/nature/journal/v480/n7378/full/nature10606.html","/nature/journal/v480/n7378/full/nature10664.html","/nature/journal/v480/n7378/full/nature10671.html","/nature/journal/v480/n7378/full/nature10648.html","/nature/journal/v480/n7378/full/nature10700.html","/nature/journal/v480/n7378/full/nature10656.html","/nature/journal/v480/n7378/full/nature10657.html","/nature/journal/v480/n7378/full/nature10641.html","/nature/journal/v480/n7378/full/nature10622.html"
"/nature/journal/v481/n7379/full/nature10652.html","/nature/journal/v481/n7379/full/nature10612.html","/nature/journal/v481/n7379/full/nature10666.html","/nature/journal/v481/n7379/full/nature10695.html","/nature/journal/v481/n7379/full/nature10705.html","/nature/journal/v481/n7379/full/nature10709.html","/nature/journal/v481/n7379/full/nature10715.html","/nature/journal/v481/n7379/full/nature10660.html","/nature/journal/v481/n7379/full/nature10694.html","/nature/journal/v481/n7379/full/nature10688.html","/nature/journal/v481/n7379/full/nature10670.html","/nature/journal/v481/n7379/full/nature10663.html"
"/nature/journal/v481/n7380/full/nature10692.html","/nature/journal/v481/n7380/full/nature10684.html","/nature/journal/v481/n7380/full/nature10713.html","/nature/journal/v481/n7380/full/nature10704.html","/nature/journal/v481/n7380/full/nature10687.html","/nature/journal/v481/n7380/full/nature10710.html","/nature/journal/v481/n7380/full/nature10726.html","/nature/journal/v481/n7380/full/nature10661.html","/nature/journal/v481/n7380/full/nature10712.html","/nature/journal/v481/n7380/full/nature10698.html","/nature/journal/v481/n7380/full/nature10690.html","/nature/journal/v481/n7380/full/nature10697.html","/nature/journal/v481/n7380/full/nature10699.html","/nature/journal/v481/n7380/full/nature10691.html"
"/nature/journal/v481/n7381/full/nature10669.html","/nature/journal/v481/n7381/full/nature10707.html","/nature/journal/v481/n7381/full/nature10769.html","/nature/journal/v481/n7381/full/nature10740.html","/nature/journal/v481/n7381/full/nature10723.html","/nature/journal/v481/n7381/full/nature10724.html","/nature/journal/v481/n7381/full/nature10719.html","/nature/journal/v481/n7381/full/nature10693.html","/nature/journal/v481/n7381/full/nature10718.html","/nature/journal/v481/n7381/full/nature10602.html","/nature/journal/v481/n7381/full/nature10642.html","/nature/journal/v481/n7381/full/nature10730.html","/nature/journal/v481/n7381/full/nature10624.html"
"/nature/journal/v481/n7382/full/nature10768.html","/nature/journal/v481/n7382/full/nature10747.html","/nature/journal/v481/n7382/full/nature10748.html","/nature/journal/v481/n7382/full/nature10721.html","/nature/journal/v481/n7382/full/nature10720.html","/nature/journal/v481/n7382/full/nature10736.html","/nature/journal/v481/n7382/full/nature10732.html","/nature/journal/v481/n7382/full/nature10738.html","/nature/journal/v481/n7382/full/nature10758.html","/nature/journal/v481/n7382/full/nature10734.html","/nature/journal/v481/n7382/full/nature10745.html","/nature/journal/v481/n7382/full/nature10742.html","/nature/journal/v481/n7382/full/nature10735.html"
"/nature/journal/v482/n7383/full/nature10746.html","/nature/journal/v482/n7383/full/nature10787.html","/nature/journal/v482/n7383/full/nature10711.html","/nature/journal/v482/n7383/full/nature10739.html","/nature/journal/v482/n7383/full/nature10706.html","/nature/journal/v482/n7383/full/nature10757.html","/nature/journal/v482/n7383/full/nature10754.html","/nature/journal/v482/n7383/full/nature10766.html","/nature/journal/v482/n7383/full/nature10756.html","/nature/journal/v482/n7383/full/nature10814.html","/nature/journal/v482/n7383/full/nature10791.html","/nature/journal/v482/n7383/full/nature10729.html","/nature/journal/v482/n7383/full/nature10731.html","/nature/journal/v482/n7383/full/nature10743.html"
"/nature/journal/v482/n7384/full/nature10837.html","/nature/journal/v482/n7384/full/nature10780.html","/nature/journal/v482/n7384/full/nature10741.html","/nature/journal/v482/n7384/full/nature10840.html","/nature/journal/v482/n7384/full/nature10800.html","/nature/journal/v482/n7384/full/nature10781.html","/nature/journal/v482/n7384/full/nature10821.html","/nature/journal/v482/n7384/full/nature10805.html","/nature/journal/v482/n7384/full/nature10833.html","/nature/journal/v482/n7384/full/nature10771.html","/nature/journal/v482/n7384/full/nature10750.html","/nature/journal/v482/n7384/full/nature10752.html","/nature/journal/v482/n7384/full/nature10795.html","/nature/journal/v482/n7384/full/nature10804.html"
"/nature/journal/v482/n7385/full/nature10775.html","/nature/journal/v482/n7385/full/nature10827.html","/nature/journal/v482/n7385/full/nature10786.html","/nature/journal/v482/n7385/full/nature10749.html","/nature/journal/v482/n7385/full/nature10808.html","/nature/journal/v482/n7385/full/nature10772.html","/nature/journal/v482/n7385/full/nature10755.html","/nature/journal/v482/n7385/full/nature10803.html","/nature/journal/v482/n7385/full/nature10826.html","/nature/journal/v482/n7385/full/nature10744.html","/nature/journal/v482/n7385/full/nature10794.html","/nature/journal/v482/n7385/full/nature10782.html"
